source_row,age,anaemia,creatinine_phosphokinase,diabetes,ejection_fraction,high_blood_pressure,platelets,serum_creatinine,serum_sodium,sex,smoking,time,DEATH_EVENT
1,75,0,582,0,20,1,265000,1.9,130,1,0,4,1
5,65,1,160,1,20,0,327000,2.7,116,0,0,8,1
10,80,1,123,0,35,1,388000,9.4,133,1,1,10,1
15,49,1,80,0,30,1,427000,1,138,0,0,12,0
20,48,1,582,1,55,0,87000,1.9,121,0,0,15,1
25,75,0,582,1,30,1,263358.03,1.83,134,0,0,23,1
30,82,0,70,1,30,0,200000,1.2,132,1,1,26,1
35,65,0,94,1,50,1,188000,1,140,1,0,29,1
40,60,0,235,1,38,0,329000,3,142,0,0,30,1
45,60,1,588,1,60,0,194000,1.1,142,0,0,33,1
50,57,1,129,0,30,0,395000,1,140,0,0,42,1
55,60,1,260,1,38,0,255000,2.2,132,0,1,45,1
60,72,0,364,1,20,1,254000,1.3,136,1,1,59,1
65,45,0,582,0,80,0,263358.03,1.18,137,0,0,63,0
70,65,0,113,1,25,0,497000,1.83,135,1,0,67,1
75,69,0,582,0,20,0,266000,1.2,134,1,1,73,1
80,55,0,336,0,45,1,324000,0.9,140,0,0,74,0
85,59,1,280,1,25,1,302000,1,141,0,0,78,1
90,57,1,115,0,25,1,181000,1.1,144,1,0,79,0
95,58,0,144,1,38,1,327000,0.7,142,0,0,83,0
100,63,1,61,1,40,0,221000,1.1,140,0,0,86,0
105,60,0,53,0,50,1,286000,2.3,143,0,0,87,0
110,45,0,292,1,35,0,850000,1.3,142,1,1,88,0
115,60,1,754,1,40,1,328000,1.2,126,1,0,91,0
120,86,0,582,0,38,0,263358.03,1.83,134,0,0,95,1
125,60,0,582,0,40,0,217000,3.7,134,1,0,96,1
130,53,1,270,1,35,0,227000,3.4,145,1,0,105,0
135,81,0,4540,0,35,0,231000,1.18,137,1,1,107,0
140,50,0,1548,0,30,1,211000,0.8,138,1,0,108,0
145,72,1,943,0,25,1,338000,1.7,139,1,1,111,1
150,60,0,2261,0,35,1,228000,0.9,136,1,0,115,0
155,65,1,335,0,35,1,235000,0.8,136,0,0,120,0
160,59,1,129,0,45,1,362000,1.1,139,1,1,121,0
165,45,0,2442,1,30,0,334000,1.1,139,1,0,129,1
170,70,0,835,0,35,1,305000,0.8,133,0,0,145,0
175,65,0,198,1,35,1,281000,0.9,137,1,1,146,0
180,55,0,835,0,40,0,279000,0.7,140,1,1,147,0
185,58,1,145,0,25,0,219000,1.2,137,1,1,170,1
190,40,0,244,0,45,1,275000,0.9,140,0,0,174,0
195,45,0,582,0,20,1,126000,1.6,135,1,0,180,1
200,60,0,1211,1,35,0,263358.03,1.8,113,1,1,186,0
205,78,1,64,0,40,0,277000,0.7,137,1,1,187,0
210,49,0,972,1,35,1,268000,0.8,130,0,0,187,0
215,65,1,135,0,35,1,290000,0.8,134,1,0,194,0
220,55,0,582,1,35,1,371000,0.7,140,0,0,197,0
225,58,0,582,1,25,0,504000,1,138,1,0,205,0
230,72,0,211,0,25,0,274000,1.2,134,0,0,207,0
235,53,1,582,0,45,0,305000,1.1,137,1,1,209,0
240,55,1,180,0,45,0,263358.03,1.18,137,1,1,211,0
245,54,0,582,1,38,0,264000,1.8,134,1,0,213,0
250,53,0,207,1,40,0,223000,1.2,130,0,0,214,0
255,53,1,446,0,60,1,263358.03,1,139,1,0,215,0
260,53,0,56,0,50,0,308000,0.7,135,1,1,231,0
265,61,0,582,1,38,0,147000,1.2,141,1,0,237,0
270,40,0,582,1,35,0,222000,1,132,1,0,244,0
275,60,1,257,1,30,0,150000,1,137,1,1,245,0
280,55,0,84,1,38,0,451000,1.3,136,0,0,246,0
285,50,1,54,0,40,0,279000,0.8,141,1,0,250,0
290,90,1,337,0,38,0,390000,0.9,144,0,0,256,0
295,62,0,61,1,38,1,155000,1.1,143,1,1,270,0
299,50,0,196,0,45,0,395000,1.6,136,1,1,285,0
